<?xml version="1.0" encoding="UTF-8"?>
<project-private xmlns="http://www.netbeans.org/ns/project-private/1">
    <editor-bookmarks xmlns="http://www.netbeans.org/ns/editor-bookmarks/2" lastBookmarkId="0"/>
    <open-files xmlns="http://www.netbeans.org/ns/projectui-open-files/2">
        <group>
            <file>file:/C:/Users/toymaker/Documents/NetBeansProjects/dbinsert/web/addusersuccess.jsp</file>
            <file>file:/C:/Users/toymaker/Documents/NetBeansProjects/dbinsert/src/java/com/toymaker/dao/UserDao.java</file>
            <file>file:/C:/Users/toymaker/Documents/NetBeansProjects/dbinsert/web/addusererror.jsp</file>
            <file>file:/C:/Users/toymaker/Documents/NetBeansProjects/dbinsert/web/reg.jsp</file>
            <file>file:/C:/Users/toymaker/Documents/NetBeansProjects/dbinsert/web/process.jsp</file>
            <file>file:/C:/Users/toymaker/Documents/NetBeansProjects/dbinsert/src/java/com/toymaker/bean/User.java</file>
            <file>file:/C:/Users/toymaker/Documents/NetBeansProjects/dbinsert/web/index.html</file>
        </group>
    </open-files>
</project-private>
